{
  "mu": 0.18647640079242458,
  "gamma": 0.29527980877946514,
  "rho": -0.017489520798360247,
  "alpha": [
    0.7520310008707471,
    0.6485776165869347,
    0.7904751887934238,
    0.5985925108266539,
    0.7527653809417337,
    0.688142240746222,
    0.7988183828376028,
    0.7060786537885415,
    0.7079331511661237,
    0.46897858797953296,
    0.5230053576201211,
    0.3080499009582828,
    0.48759644330176843,
    0.3433668715128233,
    0.7492991649042492,
    0.4520937560181363,
    0.48896002955522927,
    0.6134013135640174,
    0.42902385032649376,
    0.34240558562613893,
    0.31393400698185603,
    0.6029615555954574,
    0.28124294194586086,
    0.33929319132103125,
    0.30374597456084623,
    0.5028270968187942,
    0.34746616136928066,
    0.3415439150935889,
    0.17122384880504152,
    0.177259710148732,
    -0.11995452504037633,
    0.5202208709352134,
    0.5638472607666251,
    -0.04050120996563838,
    0.14142470732386286,
    0.3110537935704744,
    0.17528969722326912,
    -0.0031673065843045188,
    0.2932213166527847,
    0.21766930746822363,
    0.34600010251753355,
    0.0037475332148321863,
    0.1947155936625114,
    0.4839105130172794,
    0.32163530515737226,
    0.21825704737902946,
    0.02472343337090318,
    0.1783846818941243,
    0.0
  ],
  "beta": [
    -1.0036549503551648,
    -0.803222451857043,
    -0.9037554764003398,
    -0.8828945817074281,
    -0.8133784013529659,
    -0.633800058932957,
    -1.0078393121861802,
    -0.7236777188918853,
    -0.4551011675036458,
    -0.5920645195146743,
    -0.7400395091544189,
    -0.4494924793130386,
    -0.8880715602173068,
    -0.8844371003215796,
    -0.6088331825363009,
    -0.5245506664758037,
    -0.6199859606950254,
    -0.8191473518328587,
    -0.5309858283387839,
    -0.770333810677944,
    -0.5119156424705683,
    -0.6622084532280967,
    -0.4055560336255334,
    -0.2541429081230357,
    -0.4061771620917263,
    -0.5781715137056762,
    -0.493938606945399,
    -0.37637917373973934,
    -0.2809092990627898,
    -0.7419837600460183,
    -0.40779505396616206,
    -0.4682791764293076,
    -0.46687178715427585,
    -0.20829771105896813,
    -0.45577558342470686,
    -0.6412539266174765,
    -0.3652650489466772,
    -0.41991115392070066,
    -0.32780446929536716,
    -0.3055225558724755,
    -0.5878655987097468,
    -0.5664513714161361,
    -0.49853475915062884,
    -0.1347327661353179,
    -0.34871539510662974,
    -0.07598690957957685,
    -0.38784707021657244,
    -0.4223769931837351,
    0.0
  ],
  "half_life_days": 1460.0,
  "n_teams": 49,
  "row_idx": 48,
  "fitted_at": "2026-07-11"
}